名前	読み	生年月日	出身地	期
秋元真夏	あきもと まなつ	1993/08/20	埼玉県	1
生田絵梨花	いくた えりか	1997/01/22	東京都	1
齋藤飛鳥	さいとう あすか	1998/08/10	東京都	1
高山一実	たかやま かずみ	1994/02/08	千葉県	1
樋口日奈	ひぐち ひな	1998/01/31	東京都	1
星野みなみ	ほしの みなみ	1998/02/06	千葉県	1
和田まあや	わだ まあや	1998/04/23	広島県	1
伊藤純奈	いとう じゅんな	1998/11/30	神奈川県	2
北野日奈子	きたの ひなこ	1996/07/17	北海道	2
新内眞衣	しんうち まい	1992/01/22	埼玉県	2
鈴木絢音	すずき あやね	1999/03/05	秋田県	2
寺田蘭世	てらだ らんぜ	1998/09/23	東京都	2
山崎怜奈	やまざき れな	1997/05/21	東京都	2
渡辺みり愛	わたなべ みりあ	1999/11/01	東京都	2
伊藤理々杏	いとう りりあ	2002/10/08	沖縄県	3
岩本蓮加	いわもと れんか	2004/02/02	東京都	3
梅澤美波	うめざわ みなみ	1999/01/06	神奈川県	3
大園桃子	おおぞの ももこ	1999/09/13	鹿児島県	3
久保史緒里	くぼ しおり	2001/07/14	宮城県	3
阪口珠美	さかぐち たまみ	2001/11/10	東京都	3
佐藤楓	さとう かえで	1998/03/23	愛知県	3
中村麗乃	なかむら れの	2001/09/27	東京都	3
向井葉月	むかい はづき	1999/08/23	東京都	3
山下美月	やました みづき	1999/07/26	東京都	3
吉田綾乃クリスティー	よしだ あやのクリスティー	1995/09/06	大分県	3
与田祐希	よだ ゆうき	2000/05/05	福岡県	3
遠藤さくら	えんどう さくら	2001/10/03	愛知県	4
賀喜遥香	かき はるか	2001/08/08	栃木県	4
掛橋沙耶香	かけはし さやか	2002/11/20	岡山県	4
金川紗耶	かながわ さや	2001/10/31	北海道	4
北川悠理	きたがわ ゆり	2001/08/08	カリフォルニア州	4
黒見明香	くろみ はるか	2004/01/19	東京都	4
佐藤璃果	さとう りか	2001/08/09	岩手県	4
柴田柚菜	しばた ゆな	2003/03/03	千葉県	4
清宮レイ	せいみや れい	2003/08/01	埼玉県	4
田村真佑	たむら まゆ	1999/01/12	埼玉県	4
筒井あやめ	つつい あやめ	2004/06/08	愛知県	4
早川聖来	はやかわ せいら	2000/08/24	大阪府	4
林瑠奈	はやし るな	2003/10/02	神奈川県	4
松尾美佑	まつお みゆ	2004/01/03	千葉県	4
矢久保美緒	やくぼ みお	2002/08/14	東京都	4
弓木奈於	ゆみき なお	1999/02/03	京都府	4
山本穂乃香	やまもと ほのか	1998/03/31	愛知県	1
吉本彩華	よしもと あやか	1996/08/18	熊本県	1
岩瀬佑美子	いわせ ゆみこ	1990/06/12	埼玉県	1
安藤美雲	あんどう みくも	1993/05/21	神奈川県	1
柏幸奈	かしわ ゆきな	1994/08/12	神奈川県	1
宮澤成良	みやざわ せいら	1993/10/29	千葉県	1
西川七海	にしかわ ななみ	1993/07/03	東京都	2
市來玲奈	いちき れな	1996/01/22	千葉県	1
矢田里沙子	やだ りさこ	1995/03/08	埼玉県	2
米徳京花	よねとく きょうか	1999/04/14	神奈川県	2
伊藤寧々	いとう ねね	1995/12/12	岐阜県	1
大和里菜	やまと りな	1994/12/14	宮城県	1
畠中清羅	はたなか せいら	1995/12/05	大分県	1
松井玲奈	まつい れな	1991/07/27	愛知県	
永島聖羅	ながしま せいら	1994/05/19	愛知県	1
深川麻衣	ふかがわ まい	1991/03/29	静岡県	1
橋本奈々未	はしもと ななみ	1993/02/20	北海道	1
中元日芽香	なかもと ひめか	1996/04/13	広島県	1
伊藤万理華	いとう まりか	1996/02/20	神奈川県	1
川村真洋	かわむら まひろ	1995/07/23	大阪府	1
生駒里奈	いこま りな	1995/12/29	秋田県	1
斎藤ちはる	さいとう ちはる	1997/02/17	埼玉県	1
相楽伊織	さがら いおり	1997/11/26	埼玉県	2
若月佑美	わかつき ゆみ	1994/06/27	静岡県	1
能條愛未	のうじょう あみ	1994/10/18	神奈川県	1
川後陽菜	かわご ひな	1998/03/22	長崎県	1
西野七瀬	にしの ななせ	1994/05/25	大阪府	1
衛藤美彩	えとう みさ	1993/01/04	大分県	1
伊藤かりん	いとう かりん	1993/05/26	神奈川県	2
斉藤優里	さいとう ゆうり	1993/07/20	東京都	1
桜井玲香	さくらい れいか	1994/05/16	神奈川県	1
佐々木琴子	ささき ことこ	1998/08/28	埼玉県	2
井上小百合	いのうえ さゆり	1994/12/14	埼玉県	1
中田花奈	なかだ かな	1994/08/06	埼玉県	1
白石麻衣	しらいし まい	1992/08/20	群馬県	1
堀未央奈	ほり みおな	1996/10/15	岐阜県	2
松村沙友理	まつむら さゆり	1992/08/27	大阪府	1
